{
    "red": {
        "lower": [
            51.24716312056738,
            40.32446808510638,
            142.21347517730496
        ],
        "upper": [
            81.39078014184398,
            69.02056737588651,
            170.87163120567376
        ]
    },
    "green": {
        "lower": [
            43.41276595744681,
            109.20567375886525,
            45.54326241134752
        ],
        "upper": [
            67.51950354609929,
            169.72801418439715,
            81.63333333333334
        ]
    },
    "blue": {
        "lower": [
            111.70425531914894,
            68.7758865248227,
            39.6613475177305
        ],
        "upper": [
            171.56170212765957,
            107.3145390070922,
            77.50673758865248
        ]
    },
    "yellow": {
        "lower": [
            52.72375886524823,
            103.11063829787234,
            107.33262411347518
        ],
        "upper": [
            86.47304964539008,
            174.82163120567375,
            199.07659574468084
        ]
    },
    "purple": {
        "lower": [
            91.75921985815603,
            40.773758865248226,
            88.13936170212766
        ],
        "upper": [
            165.53156028368795,
            74.75638297872341,
            143.14219858156028
        ]
    },
    "ojama": {
        "lower": [
            66.72517730496453,
            60.36276595744681,
            37.55567375886525
        ],
        "upper": [
            125.38475177304964,
            111.80283687943262,
            93.73156028368794
        ]
    }
}